Original;Normalized;Type;Tingsted;North;East;Kommentar
Aarøen;Årøya;Bygd;Alta_Tingsted;7802996.25;812751.63;Plassert på den gamle skansen
Addever;Ávjovárri;Finneby;Svensk_Finnmark;7697317.08;878091.89;Plassert på den gamle markedsplassen, etter konsultasjon med Siv og Mikkel. Samiske stedsnavn.
Addewer;Ávjovárri;Finneby;Svensk_Finnmark;7697317.08;878091.89;Plassert på den gamle markedsplassen, etter konsultasjon med Siv og Mikkel. Samiske stedsnavn.
Adevehr;Ávjovárri;Finneby;Svensk_Finnmark;7697317.08;878091.89;Plassert på den gamle markedsplassen, etter konsultasjon med Siv og Mikkel. Samiske stedsnavn.
Adever;Ávjovárri;Finneby;Svensk_Finnmark;7697317.08;878091.89;Plassert på den gamle markedsplassen, etter konsultasjon med Siv og Mikkel. Samiske stedsnavn.
Adewehr;Ávjovárri;Finneby;Svensk_Finnmark;7697317.08;878091.89;Plassert på den gamle markedsplassen, etter konsultasjon med Siv og Mikkel. Samiske stedsnavn.
Adwehr;Ávjovárri;Finneby;Svensk_Finnmark;7697317.08;878091.89;Plassert på den gamle markedsplassen, etter konsultasjon med Siv og Mikkel. Samiske stedsnavn.
Alten;Alta_Tingsted;Tingsted;Alta_Tingsted;7790281.01;802062.86;Plassert på Kirken i Talvik
Altens Tingsted;Alta_Tingsted;Tingsted;Alta_Tingsted;7790281.01;802062.86;Plassert på Kirken i Talvik
Andersbye;Andersby;Bygd;Vadsø_Tingsted;7842202.58;1050139.99;Plassert på nesset, ved bosetningsfunn på samme sted
Andsnæs;Andsnes;Bygd;Loppa_Tingsted;7804138.65;735028.71;Plassert på dagens posisjon, midt i veikrysset
Andsnes;Andsnes;Bygd;Loppa_Tingsted;7804138.65;735028.71;Plassert på dagens posisjon, midt i veikrysset
Ansnes;Andsnes;Bygd;Loppa_Tingsted;7804138.65;735028.71;Plassert på dagens posisjon, midt i veikrysset
Aresbye;Ohcejohka;Finneby;Svensk_Finnmark;7801619.42;958539.55;Plassert på tuftene nord for Utsjokbroen
Arildtz Bye;Ohcejohka;Finneby;Svensk_Finnmark;7801619.42;958539.55;Plassert på tuftene nord for Utsjokbroen
Aritz Bye;Ohcejohka;Finneby;Svensk_Finnmark;7801619.42;958539.55;Plassert på tuftene nord for Utsjokbroen
Arresby;Ohcejohka;Finneby;Svensk_Finnmark;7801619.42;958539.55;Plassert på tuftene nord for Utsjokbroen
Arresbye;Ohcejohka;Finneby;Svensk_Finnmark;7801619.42;958539.55;Plassert på tuftene nord for Utsjokbroen
ArritzBye;Ohcejohka;Finneby;Svensk_Finnmark;7801619.42;958539.55;Plassert på tuftene nord for Utsjokbroen
Arritzbye;Ohcejohka;Finneby;Svensk_Finnmark;7801619.42;958539.55;Plassert på tuftene nord for Utsjokbroen
Bergsfiord;Bergsfjord;Bygd;Loppa_Tingsted;7807963.52;755694.22;Plassert på dagens posisjon, midt i veikrysset
Bersfiord;Bergsfjord;Bygd;Loppa_Tingsted;7807963.52;755694.22;Plassert på dagens posisjon, midt i veikrysset
Besfiord;Bergsfjord;Bygd;Loppa_Tingsted;7807963.52;755694.22;Plassert på dagens posisjon, midt i veikrysset
Beundøe;Gierbá;Finneby;Kjøllefjord_Tingsted;7863576.09;936175.01;Plassert i Hamna på Bonøya, mange tufter i området på LIDAR kart
Bondøe;Gierbá;Finneby;Kjøllefjord_Tingsted;7863576.09;936175.01;Plassert i Hamna på Bonøya, mange tufter i området på LIDAR kart
Breeuig;Breivik;Bygd;Hasvåg_Tingsted;7848114.62;763007.14;Plassert på dagens posisjon
Brendegammen;Brenngammen;Bygd;Kjøllefjord_Tingsted;7911067.88;945671.06;Plassert på dagens posisjon, Brenngamvika kan være korrekt, men uklart om det var tufter der fra LIDAR
Brendgamen;Brenngammen;Bygd;Kjøllefjord_Tingsted;7911067.88;945671.06;Plassert på dagens posisjon, Brenngamvika kan være korrekt, men uklart om det var tufter der fra LIDAR
Brendgammen;Brenngammen;Bygd;Kjøllefjord_Tingsted;7911067.88;945671.06;Plassert på dagens posisjon, Brenngamvika kan være korrekt, men uklart om det var tufter der fra LIDAR
Brevig;Breivik;Bygd;Hasvåg_Tingsted;7848114.62;763007.14;Plassert på dagens posisjon
Brewig;Breivik;Bygd;Hasvåg_Tingsted;7848114.62;763007.14;Plassert på dagens posisjon
Bugøe;Bugøya;Bygd;Vadsø_Tingsted;7830109.86;1055672.12;Plassert ved tuftene øst for moloen
Bugøen;Bugøya;Bygd;Vadsø_Tingsted;7830109.86;1055672.12;Plassert ved tuftene øst for moloen
Bundøe;Gierbá;Finneby;Kjøllefjord_Tingsted;7863576.09;936175.01;Plassert i Hamna på Bonøya, mange tufter i området på LIDAR kart
Bundøe Finnebye;Gierbá;Finneby;Kjøllefjord_Tingsted;7863576.09;936175.01;Plassert i Hamna på Bonøya, mange tufter i området på LIDAR kart
Echerøe;Ekkerøya;Bygd;Vadsø_Tingsted;7845399.63;1069288.53;Plassert på Været på Store Ekkerøya
Eckerøe;Ekkerøya;Bygd;Vadsø_Tingsted;7845399.63;1069288.53;Plassert på Været på Store Ekkerøya
Egeschal og Korsnes (1703);Alttávuonna;Finneby;Alta_Tingsted;7796496.56;806914.8;Plassert midt i Altafjorden
Egeschall og Korsnes;Alttávuonna;Finneby;Alta_Tingsted;7796496.56;806914.8;Plassert midt i Altafjorden
Egeschalsbye;Bossugohppi;Finneby;Alta_Tingsted;7782728.14;814003.47;Plassert på Bossekopptorget. Alt er nedbygd og få registrerte kulturminner
Egeschalsbye og Korsnes (1702);Alttávuonna;Finneby;Alta_Tingsted;7796496.56;806914.8;Plassert midt i Altafjorden
Eggescal Bye;Bossugohppi;Finneby;Alta_Tingsted;7782728.14;814003.47;Plassert på Bossekopptorget. Alt er nedbygd og få registrerte kulturminner
Eggeschalbye;Bossugohppi;Finneby;Alta_Tingsted;7782728.14;814003.47;Plassert på Bossekopptorget. Alt er nedbygd og få registrerte kulturminner
Eggeschall og Korsnæs;Alttávuonna;Finneby;Alta_Tingsted;7796496.56;806914.8;Plassert midt i Altafjorden
Eggesckalsby;Bossugohppi;Finneby;Alta_Tingsted;7782728.14;814003.47;Plassert på Bossekopptorget. Alt er nedbygd og få registrerte kulturminner
Eggeshall;Bossugohppi;Finneby;Alta_Tingsted;7782728.14;814003.47;Plassert på Bossekopptorget. Alt er nedbygd og få registrerte kulturminner
Eggeskal;Bossugohppi;Finneby;Alta_Tingsted;7782728.14;814003.47;Plassert på Bossekopptorget. Alt er nedbygd og få registrerte kulturminner
Eggeskal Bye;Bossugohppi;Finneby;Alta_Tingsted;7782728.14;814003.47;Plassert på Bossekopptorget. Alt er nedbygd og få registrerte kulturminner
Eggeskal bye;Bossugohppi;Finneby;Alta_Tingsted;7782728.14;814003.47;Plassert på Bossekopptorget. Alt er nedbygd og få registrerte kulturminner
Eggeskal og Korsnes;Alttávuonna;Finneby;Alta_Tingsted;7796496.56;806914.8;Plassert midt i Altafjorden
Eggeskalbye;Bossugohppi;Finneby;Alta_Tingsted;7782728.14;814003.47;Plassert på Bossekopptorget. Alt er nedbygd og få registrerte kulturminner
Eidet;Eidvågen;Bygd;Hammerfest_Tingsted;7848332.88;816145.39;Plassert på selve eidet, er ett u-tall tufter i nærheten på lidarkart
Eidet paa Seje Landet;Eidvågen;Bygd;Hammerfest_Tingsted;7848332.88;816145.39;Plassert på selve eidet, er ett u-tall tufter i nærheten på lidarkart
Eidsvaag;Eidvågen;Bygd;Hammerfest_Tingsted;7848332.88;816145.39;Plassert på selve eidet, er ett u-tall tufter i nærheten på lidarkart
Enetechces;Eanodat;Finneby;Torne_Lappmark;7609199.84;849959.42;Plassert omtret i Hætta
Eneteches;Eanodat;Finneby;Torne_Lappmark;7609199.84;849959.42;Plassert omtret i Hætta
Enetek;Eanodat;Finneby;Torne_Lappmark;7609199.84;849959.42;Plassert omtret i Hætta
Eneteken;Eanodat;Finneby;Torne_Lappmark;7609199.84;849959.42;Plassert omtret i Hætta
Enetekes;Eanodat;Finneby;Torne_Lappmark;7609199.84;849959.42;Plassert omtret i Hætta
Ennetek;Eanodat;Finneby;Torne_Lappmark;7609199.84;849959.42;Plassert omtret i Hætta
Ennetheches;Eanodat;Finneby;Torne_Lappmark;7609199.84;849959.42;Plassert omtret i Hætta
Fagervig;Store_Fagervika;Bygd;Hammerfest_Tingsted;7855920.3;812494.66;Plassert i Store fagervika. Kan være Lille fagervika. Mange tufter begge plasser på lidar. 
Fagervig paa Seje landet;Store_Fagervika;Bygd;Hammerfest_Tingsted;7855920.3;812494.66;Plassert i Store fagervika. Kan være Lille fagervika. Mange tufter begge plasser på lidar. 
Fagerwig;Store_Fagervika;Bygd;Hammerfest_Tingsted;7855920.3;812494.66;Plassert i Store fagervika. Kan være Lille fagervika. Mange tufter begge plasser på lidar. 
Finnenæs;Finneset;Bygd;Vadsø_Tingsted;7841592.45;1040130.2;Plassert på dagens posisjon
Finnenes;Finneset;Bygd;Vadsø_Tingsted;7841592.45;1040130.2;Plassert på dagens posisjon
Finnevig;Finnvika;Bygd;Måsøy_Tingsted;7907577.88;879375.69;Plassert på dagens posisjon, flere tufter på lidar 
Finnewig;Finnvika;Bygd;Måsøy_Tingsted;7907577.88;879375.69;Plassert på dagens posisjon, flere tufter på lidar 
Fladøen;Lille_Latøya;Bygd;Ingøy_Tingsted;7895597.43;845301.88;Det samiske stedsnavnet betyr flatøya. Flere tufter på øyen
Forsøl;Forsøl;Bygd;Hammerfest_Tingsted;7869920.98;823485.45;Plassert på dagens posisjon
Forsøll;Forsøl;Bygd;Hammerfest_Tingsted;7869920.98;823485.45;Plassert på dagens posisjon
Forsøll paa Qualøen;Forsøl;Bygd;Hammerfest_Tingsted;7869920.98;823485.45;Plassert på dagens posisjon
Frachefiord;Frakkfjorden;Bygd;Loppa_Tingsted;7806009.33;742159.86;Plassert ved Neset, da lidar viste flest tufter i dette området. Sammenlignet med frakkfjorbotn og langstrand.
Frackfiord;Frakkfjorden;Bygd;Loppa_Tingsted;7806009.33;742159.86;Plassert ved Neset, da lidar viste flest tufter i dette området. Sammenlignet med frakkfjorbotn og langstrand.
Frakefiord;Frakkfjorden;Bygd;Loppa_Tingsted;7806009.33;742159.86;Plassert ved Neset, da lidar viste flest tufter i dette området. Sammenlignet med frakkfjorbotn og langstrand.
Fruvig;Fruvik;Bygd;Loppa_Tingsted;7802889.05;776720.85;Plassert på dagens posisjon
GaasHoop paa Sørøe;Gåshopen;Bygd;Hammerfest_Tingsted;7842121.4;790502.9;Plassert på dagens posisjon
Gaashopen;Gåshopen;Bygd;Hammerfest_Tingsted;7842121.4;790502.9;Plassert på dagens posisjon
Gaasnæs;Gåsnes;Bygd;Ingøy_Tingsted;7910936.23;829728.63;Plassert på dagens posisjon
Gaasnes;Gåsnes;Bygd;Ingøy_Tingsted;7910936.23;829728.63;Plassert på dagens posisjon
Gaasnes paa den Øe Jngen;Gåsnes;Bygd;Ingøy_Tingsted;7910936.23;829728.63;Plassert på dagens posisjon
Ganguig;Gamvik;Bygd;Omgang_Tingsted;7936890.59;976390.2;Plassert på dagens posisjon
Gangvig;Gamvik;Bygd;Omgang_Tingsted;7936890.59;976390.2;Plassert på dagens posisjon
Gangwig;Gamvik;Bygd;Omgang_Tingsted;7936890.59;976390.2;Plassert på dagens posisjon
Grundefiord;Grunnfjord;Bygd;Hasvåg_Tingsted;7839494.23;780154.74;Plassert på dagens posisjon, ved de rektangulære tuftene. 
Grundenes;Grunnes;Bygd;Kiberg_Tingsted;7872510.31;1091232.19;Plassert på dagens posisjon
Grundevaag paa seje landet;Grunnvåg;Bygd;Hammerfest_Tingsted;7857283.18;810090.06;Plassert på dagens posisjon
Grundewog;Grunnvåg;Bygd;Hammerfest_Tingsted;7857283.18;810090.06;Plassert på dagens posisjon
Grundnæs;Grunnes;Bygd;Kiberg_Tingsted;7872510.31;1091232.19;Plassert på dagens posisjon
Grundnes;Grunnes;Bygd;Kiberg_Tingsted;7872510.31;1091232.19;Plassert på dagens posisjon
Grundwog;Grunnvåg;Bygd;Hammerfest_Tingsted;7857283.18;810090.06;Plassert på dagens posisjon
Gule Gammen;Gullgammen;Bygd;Kjelvik_Tingsted;7905552.9;886649.51;Plassert på dagens posisjon, flere tufter på lidar 
Gulichgamen;Gullgammen;Bygd;Kjelvik_Tingsted;7905552.9;886649.51;Plassert på dagens posisjon, flere tufter på lidar 
Gulichgammen;Gullgammen;Bygd;Kjelvik_Tingsted;7905552.9;886649.51;Plassert på dagens posisjon, flere tufter på lidar 
Hafneberg;Hamningberg;Bygd;Vardø_Tingsted;7900607.51;1074765.96;Plassert på dagens posisjon
Hafninfberg;Hamningberg;Bygd;Vardø_Tingsted;7900607.51;1074765.96;Plassert på dagens posisjon
Hafuesund;Havøysund;Bygd;Kjelvik_Tingsted;7904957.9;849839.79;Plassert på dagens posisjon
Hafvesund;Havøysund;Bygd;Kjelvik_Tingsted;7904957.9;849839.79;Plassert på dagens posisjon
Hammerfest;Hammerfest;Bygd;Hammerfest_Tingsted;7862751.74;819824;Plassert på dagens posisjon
Hammerfest paa Qualøen;Hammerfest;Bygd;Hammerfest_Tingsted;7862751.74;819824;Plassert på dagens posisjon
Hammerfest Tingsted;Hammerfest_Tingsted;Tingsted;Hammerfest_Tingsted;7862751.74;819824;Plassert på dagens posisjon
Hasvig;Hasvik;Bygd;Hasvåg_Tingsted;7835836.19;766427.2;Plassert på dagens posisjon
Hasvog;Hasvåg;Bygd;Hasvåg_Tingsted;7837347.87;765539.38;Plassert på dagens posisjon
Hasvog Tingsted;Hasvåg_Tingsted;Tingsted;Hasvåg_Tingsted;7837347.87;765539.38;Plassert på dagens posisjon
Haswig;Hasvik;Bygd;Hasvåg_Tingsted;7835836.19;766427.2;Plassert på dagens posisjon
Haswog Tingsted;Hasvåg_Tingsted;Tingsted;Hasvåg_Tingsted;7837347.87;765539.38;Plassert på dagens posisjon
Havdalen;Havdal;Bygd;Loppa_Tingsted;7817324.66;762145.74;Plassert på dagens posisjon, flere tufter på lidar 
Havesund;Havøysund;Bygd;Kjelvik_Tingsted;7904957.9;849839.79;Plassert på dagens posisjon
Hellefiord;Hellefjord;Bygd;Hammerfest_Tingsted;7866613.97;804907.9;Plassert på dagens posisjon
Hellefiord paa Sørøe;Hellefjord;Bygd;Hammerfest_Tingsted;7866613.97;804907.9;Plassert på dagens posisjon
Hettekiel;Hettekeila;Bygd;Loppa_Tingsted;7810612.23;743850.63;Plassert på dagens posisjon, flere tufter på lidar 
Hielmsøe;Hjelmsøya;Bygd;Måsøy_Tingsted;7917949.28;851133.08;Plassert på det gamle kirkestedet 
Hielmsøe Annex;Hjelmsøya;Bygd;Måsøy_Tingsted;7917949.28;851133.08;Plassert på det gamle kirkestedet 
Honningswog;Honningsvåg;Bygd;Kjelvik_Tingsted;7911252.39;897350.36;Plassert ved dagens Honningsvåg, samme sted som Sørvågen 
Hoop;Hop;Bygd;Omgang_Tingsted;7907691.19;977533.8;Plassert ved indre Hop 
Hop;Hop;Bygd;Omgang_Tingsted;7907691.19;977533.8;Plassert ved indre Hop 
Indiager;Anárjávri;Finneby;Svensk_Finnmark;7691363.28;980027.85;Plassert ved dagens Inari
Indiager Finne Bye;Anárjávri;Finneby;Svensk_Finnmark;7691363.28;980027.85;Plassert ved dagens Inari
Indre Porsanger;Siskkit_Porsáŋgguvuotna;Finneby;Kjelvik_Tingsted;7820766.89;881330.95;Plassert midt i indre porsangerfjord
Indre Tanne;Siskkit_Deanu;Finneby;Svensk_Finnmark;7845662.51;994247.15;Plassert i Seida, dette er en svært unøyaktig plassering. 
Ingens Tingsted;Ingøy_Tingsted;Tingsted;Ingøy_Tingsted;7911042.43;826636.5;Plassert på dagens Ingøy tettsted
Inggen;Ingøy;Bygd;Ingøy_Tingsted;7911042.43;826636.5;Plassert på dagens Ingøy tettsted
Inggen, kielvig, Maasøe;Magerøya;Tingsted;Ingøy_Tingsted, Kjelvik_Tingsted, Måsøy_Tingsted;7911978.38;885399.12;Dette er en samling av flere tingssted i Adelaermanntallet. lokasjonen er satt i sentrum av Magerøya
Jnd: Porsanger;Siskkit_Porsáŋgguvuotna;Finneby;Kjelvik_Tingsted;7820766.89;881330.95;Plassert midt i indre porsangerfjord
Jndiager;Anárjávri;Finneby;Svensk_Finnmark;7691363.28;980027.85;Plassert ved dagens Inari
Jndiagger;Anárjávri;Finneby;Svensk_Finnmark;7691363.28;980027.85;Plassert ved dagens Inari
Jndre og Yttre Porsanger;Porsáŋgguvuotna;Finneby;Kjelvik_Tingsted;7844198.48;885783.22;Plassert midt i fjorden ved Kistrand.
Jndre og yttre Porsanger;Porsáŋgguvuotna;Finneby;Kjelvik_Tingsted;7844198.48;885783.22;Plassert midt i fjorden ved Kistrand.
Jndre Porsanger;Siskkit_Porsáŋgguvuotna;Finneby;Kjelvik_Tingsted;7820766.89;881330.95;Plassert midt i indre porsangerfjord
Jngen;Ingøy;Bygd;Ingøy_Tingsted;7911042.43;826636.5;Plassert på dagens Ingøy tettsted
Jngens Tingsted;Ingøy_Tingsted;Tingsted;Ingøy_Tingsted;7911042.43;826636.5;Plassert på dagens Ingøy tettsted
Jux Bye;Dálvadas;Finneby;Svensk_Finnmark;7779154.7;929961.99;Plassert på Dálvadas etter konsultasjon med Siv
Juxby;Dálvadas;Finneby;Svensk_Finnmark;7779154.7;929961.99;Plassert på Dálvadas etter konsultasjon med Siv
JuxBye;Dálvadas;Finneby;Svensk_Finnmark;7779154.7;929961.99;Plassert på Dálvadas etter konsultasjon med Siv
Juxbye;Dálvadas;Finneby;Svensk_Finnmark;7779154.7;929961.99;Plassert på Dálvadas etter konsultasjon med Siv
Kaarhafn;Kårhamn;Bygd;Hammerfest_Tingsted;7846746.78;802080.35;Plassert på dagens sted
Kaarhafn paa seje landet;Kårhamn;Bygd;Hammerfest_Tingsted;7846746.78;802080.35;Plassert på dagens sted
Kammefiord;Kamøyvær;Bygd;Kjelvik_Tingsted;7918369.65;893397.72;Plassert på Kamøyvær 
Kamøefiord;Kamøyvær;Bygd;Kjelvik_Tingsted;7918369.65;893397.72;Plassert på Kamøyvær 
Karigiel;Kariel;Bygd;Vadsø_Tingsted;7841443.54;1041848.53;Plassert på dagens sted
Karigield;Kariel;Bygd;Vadsø_Tingsted;7841443.54;1041848.53;Plassert på dagens sted
Karihield;Kariel;Bygd;Vadsø_Tingsted;7841443.54;1041848.53;Plassert på dagens sted
Kautken;Guovdageaidnu;Finneby;Svensk_Finnmark;7675824.34;821021.15;Plassert på kirken
Kautscen;Guovdageaidnu;Finneby;Svensk_Finnmark;7675824.34;821021.15;Plassert på kirken
Kautschen;Guovdageaidnu;Finneby;Svensk_Finnmark;7675824.34;821021.15;Plassert på kirken
Kiberg;Kiberg;Bygd;Kiberg_Tingsted;7876678.45;1096204.09;Plassert på dagens sted
Kiberg Annex og Tingsted;Kiberg_Tingsted;Tingsted;Kiberg_Tingsted;7876678.45;1096204.09;Plassert på dagens sted
Kiberg Tingsted;Kiberg_Tingsted;Tingsted;Kiberg_Tingsted;7876678.45;1096204.09;Plassert på dagens sted
Kiefiorden;Kifjord;Bygd;Kjøllefjord_Tingsted;7914709.62;949716.93;Plassert ved dagens bebyggelse innerst i Kifjorden. Lite kulturminner og ikke så mange tufter på Lidar
Kielsnes;Klokkarnes;Bygd;Alta_Tingsted;7790205.27;802517.76;Plassert her da dette var det nærmeste neset til kjelsberget. Det kan like gjerne være Tinahaugen. 
Kieluig;Kjelvik;Bygd;Kjelvik_Tingsted;7914585.94;901773.78;Plassert på dagens sted
Kielvig;Kjelvik;Bygd;Kjelvik_Tingsted;7914585.94;901773.78;Plassert på dagens sted
Kielvig Tingsted;Kjelvik_Tingsted;Tingsted;Kjelvik_Tingsted;7914585.94;901773.78;Plassert på dagens sted
Kielvigs Tingsted;Kjelvik_Tingsted;Tingsted;Kjelvik_Tingsted;7914585.94;901773.78;Plassert på dagens sted
Kielvik;Kjelvik;Bygd;Kjelvik_Tingsted;7914585.94;901773.78;Plassert på dagens sted
Kiolefiord;Kjøllefjord;Bygd;Kjøllefjord_Tingsted;7917094.28;947261.11;Plassert på dagens sted
Kiolefiord Tingsted;Kjøllefjord_Tingsted;Tingsted;Kjøllefjord_Tingsted;7917094.28;947261.11;Plassert på dagens sted
Kiolefiords Tingsted;Kjøllefjord_Tingsted;Tingsted;Kjøllefjord_Tingsted;7917094.28;947261.11;Plassert på dagens sted
Kiøllefiord;Kjøllefjord;Bygd;Kjøllefjord_Tingsted;7917094.28;947261.11;Plassert på dagens sted
Klub og Qualsund;Klubbu_Ráhkkerávju;Finneby;Hammerfest_Tingsted;7849763.47;835787.41;Plassert midt mellom klubben og kvalsund
Klub og Qvalsund;Klubbu_Ráhkkerávju;Finneby;Hammerfest_Tingsted;7849763.47;835787.41;Plassert midt mellom klubben og kvalsund
Klub og qvalsund;Klubbu_Ráhkkerávju;Finneby;Hammerfest_Tingsted;7849763.47;835787.41;Plassert midt mellom klubben og kvalsund
Klubbe oc Qualsund;Klubbu_Ráhkkerávju;Finneby;Hammerfest_Tingsted;7849763.47;835787.41;Plassert midt mellom klubben og kvalsund
Klubbe og Qualsund;Klubbu_Ráhkkerávju;Finneby;Hammerfest_Tingsted;7849763.47;835787.41;Plassert midt mellom klubben og kvalsund
Klubbe og Qvalsund;Klubbu_Ráhkkerávju;Finneby;Hammerfest_Tingsted;7849763.47;835787.41;Plassert midt mellom klubben og kvalsund
Knarvig;Store_Knarrvika;Bygd;Måsøy_Tingsted;7910919.05;849558.64;Plassert i store knarrvika, Mange tufter på Lidar kart
Knarwigen;Store_Knarrvika;Bygd;Måsøy_Tingsted;7910919.05;849558.64;Plassert i store knarrvika, Mange tufter på Lidar kart
Komag;Komagvær;Bygd;Kiberg_Tingsted;7867637.19;1080599.61;Plassert på dagens sted
Korsnæs;Girenjárga;Finneby;Alta_Tingsted;7815188.07;815372.26;Plassert i Korsfjorden
Korsnes;Girenjárga;Finneby;Alta_Tingsted;7815188.07;815372.26;Plassert i Korsfjorden
Korsnes Bye;Girenjárga;Finneby;Alta_Tingsted;7815188.07;815372.26;Plassert i Korsfjorden
Korsnes oc Komagfiord;Girenjárga;Finneby;Alta_Tingsted;7815188.07;815372.26;Plassert i Korsfjorden
Koutchen;Guovdageaidnu;Finneby;Svensk_Finnmark;7675824.34;821021.15;Plassert på kirken
Koutchen ;Guovdageaidnu;Finneby;Svensk_Finnmark;7675824.34;821021.15;Plassert på kirken
Koutken;Guovdageaidnu;Finneby;Svensk_Finnmark;7675824.34;821021.15;Plassert på kirken
Kragenes;Kråknes;Bygd;Alta_Tingsted;7789381.51;806715.45;Plassert på dagens sted
Krognæs;Kråknes;Bygd;Alta_Tingsted;7789381.51;806715.45;Plassert på dagens sted
Krognes;Kråknes;Bygd;Alta_Tingsted;7789381.51;806715.45;Plassert på dagens sted
Langefiord;Langfjordnes;Bygd;Omgang_Tingsted;7897487.47;978691.4;Plassert på Tingstadneset i Langfjorden 
Langefiorden;Langfjordnes;Bygd;Omgang_Tingsted;7897487.47;978691.4;Plassert på Tingstadneset i Langfjorden 
Langenes;Isnestoften;Bygd;Alta_Tingsted;7800909.41;802169.56;Plassert på neset inn mot Langfjorden
Langnæs;Isnestoften;Bygd;Alta_Tingsted;7800909.41;802169.56;Plassert på neset inn mot Langfjorden
Langnes;Isnestoften;Bygd;Alta_Tingsted;7800909.41;802169.56;Plassert på neset inn mot Langfjorden
Laxefiord (1702);Lágesvuotna;Finneby;Kjøllefjord_Tingsted;7871370.56;934406.85;Plassert midt i fjorden mellom de tre tidligere finnebyene
Laxefiord (1703);Lágesvuotna;Finneby;Kjøllefjord_Tingsted;7871370.56;934406.85;Plassert midt i fjorden mellom de tre tidligere finnebyene
Lochre fiorden;Ytre_Lokkarfjorden;Bygd;Alta_Tingsted;7808353.38;783213.17;Plassert i ytre Lokkarfjorden, flere tufter her enn i indre Lokkarfjord
Lochrefiord;Ytre_Lokkarfjorden;Bygd;Alta_Tingsted;7808353.38;783213.17;Plassert i ytre Lokkarfjorden, flere tufter her enn i indre Lokkarfjord
Lochrefiorden;Ytre_Lokkarfjorden;Bygd;Alta_Tingsted;7808353.38;783213.17;Plassert i ytre Lokkarfjorden, flere tufter her enn i indre Lokkarfjord
Lockrefiord;Ytre_Lokkarfjorden;Bygd;Alta_Tingsted;7808353.38;783213.17;Plassert i ytre Lokkarfjorden, flere tufter her enn i indre Lokkarfjord
Lopen;Loppa;Bygd;Loppa_Tingsted;7816037.82;741966.96;Plassert på kirken
Lopens Tingsted;Loppa_Tingsted;Tingsted;Loppa_Tingsted;7816037.82;741966.96;Plassert på kirken
Loppen;Loppa;Bygd;Loppa_Tingsted;7816037.82;741966.96;Plassert på kirken
Loppens Tingsted;Loppa_Tingsted;Tingsted;Loppa_Tingsted;7816037.82;741966.96;Plassert på kirken
Loppøen;Loppa;Bygd;Loppa_Tingsted;7816037.82;741966.96;Plassert på kirken
Lybesby;Davvesiida;Finneby;Kjøllefjord_Tingsted;7873754.68;943005.35;Plassert på kirken
Lybesbye;Davvesiida;Finneby;Kjøllefjord_Tingsted;7873754.68;943005.35;Plassert på kirken
Lybesbye Bondøe oc Wejnes;Lágesvuotna;Finneby;Kjøllefjord_Tingsted;7871370.56;934406.85;Plassert midt i fjorden mellom de tre tidligere finnebyene
Lybesbye, Wejnes og Bondøe;Lágesvuotna;Finneby;Kjøllefjord_Tingsted;7871370.56;934406.85;Plassert midt i fjorden mellom de tre tidligere finnebyene
Lybs Bye;Davvesiida;Finneby;Kjøllefjord_Tingsted;7873754.68;943005.35;Plassert på kirken
Lybsbye;Davvesiida;Finneby;Kjøllefjord_Tingsted;7873754.68;943005.35;Plassert på kirken
Lybsbye Finne Bye;Davvesiida;Finneby;Kjøllefjord_Tingsted;7873754.68;943005.35;Plassert på kirken
Maasøe;Måsøy_kirke;Bygd;Måsøy_Tingsted;7908268.23;861719.38;Plassert på kirken
Maasøe Annex;Måsøy_kirke;Bygd;Måsøy_Tingsted;7908268.23;861719.38;Plassert på kirken
Maasøe Tingsted;Måsøy_Tingsted;Tingsted;Måsøy_Tingsted;7908268.23;861719.38;Plassert på kirken
Maassøe;Måsøy_kirke;Bygd;Måsøy_Tingsted;7908268.23;861719.38;Plassert på kirken
Madekurf;Makkaur;Bygd;Vardø_Tingsted;7913266.11;1049325.84;Plassert på dagens Makkaur
Madkurf;Makkaur;Bygd;Vardø_Tingsted;7913266.11;1049325.84;Plassert på dagens Makkaur
Mandskavigen;Ytre_Mannskarvika;Bygd;Kjelvik_Tingsted;7888693.97;892272.78;Flere tufter i Ytre Mannskarvika
Møfiord paa sørøe;Mefjord;Bygd;Hammerfest_Tingsted;7877805.57;808323.65;Plassert innerst i dagens Mefjord
Nedre Tannen;Juovlavuotna;Finneby;Omgang_Tingsted;7871109.14;1000234.11;Plassert i Austertana, ref. Knags beskrivelse fra 1694
Neiden;Njauddâm;Finneby;Sør_Varanger;7789860.76;1037606.72;Plassert i henhold til https://www.kartverket.no/om-kartverket/historie/historiske-kart/soketreff/mitt-kart?mapId=11489
Neiden Finne Bye;Njauddâm;Finneby;Sør_Varanger;7789860.76;1037606.72;Plassert i henhold til https://www.kartverket.no/om-kartverket/historie/historiske-kart/soketreff/mitt-kart?mapId=11489
Nord Honningswog;Nordvågen;Bygd;Kjelvik_Tingsted;7911831.17;899267.36;Plassert i Nordvågen, da sørvågen virker til å korespondere med Honningsvåg
Nord honningswog;Nordvågen;Bygd;Kjelvik_Tingsted;7911831.17;899267.36;Plassert i Nordvågen, da sørvågen virker til å korespondere med Honningsvåg
Nord Stiernevog;Midtbukta;Bygd;Hasvåg_Tingsted;7823740.28;782633.06;Plassert i henhold til Lidar og https://www.kartverket.no/om-kartverket/historie/historiske-kart/soketreff/mitt-kart?mapId=11489
Nord Stjernwog;Midtbukta;Bygd;Hasvåg_Tingsted;7823740.28;782633.06;Plassert i henhold til Lidar og https://www.kartverket.no/om-kartverket/historie/historiske-kart/soketreff/mitt-kart?mapId=11489
Nordfelden;Fella;Bygd;Hammerfest_Tingsted;7849334.56;798398.43;Plassert på Fella, men kan være litt lengre nord. 
Nordhonningswog;Nordvågen;Bygd;Kjelvik_Tingsted;7911831.17;899267.36;Plassert i Nordvågen, da sørvågen virker til å korespondere med Honningsvåg
Nordmandsædet;Nordmannset;Bygd;Kjelvik_Tingsted;7914199.33;896202.74;Skattelistene tilsier at det ligger i dette området og det moderne navnet passer bra
Nordmandsedet;Nordmannset;Bygd;Kjelvik_Tingsted;7914199.33;896202.74;Skattelistene tilsier at det ligger i dette området og det moderne navnet passer bra
Nordre Honingsvaag;Nordvågen;Bygd;Kjelvik_Tingsted;7911831.17;899267.36;Plassert i Nordvågen, da sørvågen virker til å korespondere med Honningsvåg
Nordstiernevog;Midtbukta;Bygd;Hasvåg_Tingsted;7823740.28;782633.06;Plassert i henhold til Lidar og https://www.kartverket.no/om-kartverket/historie/historiske-kart/soketreff/mitt-kart?mapId=11489
Nusfiord;Nuvsvåg;Bygd;Loppa_Tingsted;7811594.63;767584.91;Plassert i dagens Nusvåg grunnet mengden tufter
Nysfiord;Nuvsvåg;Bygd;Loppa_Tingsted;7811594.63;767584.91;Plassert i dagens Nusvåg grunnet mengden tufter
Omgang;Omgang;Bygd;Omgang_Tingsted;7930830.45;987761.2;Plassert på dagens Omgang
Omgangs Tingsted;Omgang_Tingsted;Bygd;Omgang_Tingsted;7930830.45;987761.2;Plassert på dagens Omgang
Øskarfiord;Kolsokker;Bygd;Loppa_Tingsted;7796944.55;777648.71;Plassert innenfor Øsekarsnesset. flere tufter her. 
Oxfiord;Øksfjord;Bygd;Loppa_Tingsted;7809324.57;776766.26;Plassert på dagens Øksfjord
Øxfiord;Øksfjord;Bygd;Loppa_Tingsted;7809324.57;776766.26;Plassert på dagens Øksfjord
Oxfiord oc fruvigen;Øksfjord_Fruvik;Bygd;Loppa_Tingsted;7809324.57;776766.26;Plassert på dagens Øksfjord. Fruvik er lengre inn men slått sammen enkelte ord. 
Oxsfiord;Øksfjord;Bygd;Loppa_Tingsted;7809324.57;776766.26;Plassert på dagens Øksfjord
Pasvig;Paaččjokk;Finneby;Sør_Varanger;7777297.79;1084442.46;Plassert i Svanvik etter https://www.kartverket.no/om-kartverket/historie/historiske-kart/soketreff/mitt-kart?mapId=11489
Paswig;Paaččjokk;Finneby;Sør_Varanger;7777297.79;1084442.46;Plassert i Svanvik etter https://www.kartverket.no/om-kartverket/historie/historiske-kart/soketreff/mitt-kart?mapId=11489
Paswig Finne Bye;Paaččjokk;Finneby;Sør_Varanger;7777297.79;1084442.46;Plassert i Svanvik etter https://www.kartverket.no/om-kartverket/historie/historiske-kart/soketreff/mitt-kart?mapId=11489
Peihen;Peäccam;Finneby;Sør_Varanger;7793221.19;1129763.94;Plassert ved det første store vannet langs petsjangaelva i henhold til: https://www.kartverket.no/om-kartverket/historie/historiske-kart/soketreff/mitt-kart?mapId=11489
Peisen;Peäccam;Finneby;Sør_Varanger;7793221.19;1129763.94;Plassert ved det første store vannet langs petsjangaelva i henhold til: https://www.kartverket.no/om-kartverket/historie/historiske-kart/soketreff/mitt-kart?mapId=11489
Peisen paa de Ryske Grentzr;Peäccam;Finneby;Sør_Varanger;7793221.19;1129763.94;Plassert ved det første store vannet langs petsjangaelva i henhold til: https://www.kartverket.no/om-kartverket/historie/historiske-kart/soketreff/mitt-kart?mapId=11489
Porsanger (1703);Porsáŋgguvuotna;Finneby;Kjelvik_Tingsted;7844198.48;885783.22;Plassert midt i fjorden ved Kistrand.
Qualsund oc klubbe;Klubbu_Ráhkkerávju;Finneby;Hammerfest_Tingsted;7849763.47;835787.41;Plassert midt mellom klubben og kvalsund
Raskiel;Ytter-Rasskeila;Bygd;Kjelvik_Tingsted;7895008.92;894668.44;Plassert på ytter-Rasskeila
Reebeevaag;Repvåg;Bygd;Kjelvik_Tingsted;7883686.18;891010.84;Repvåg
Reenøen;Reinøya;Bygd;Ingøy_Tingsted;7889752.65;838295.74;Plassert på det lille eidet midt på Reinøya, tufter på Lidar
Refefiord;Kokelv;Bygd;Ingøy_Tingsted;7862446.6;855895.8;Plassert på Kokelv grunnet mange tufter. Kunne like gjerne vært lengre ut. 
Reffsfiord;Kokelv;Bygd;Ingøy_Tingsted;7862446.6;855895.8;Plassert på Kokelv grunnet mange tufter. Kunne like gjerne vært lengre ut. 
Refsfiord;Kokelv;Bygd;Ingøy_Tingsted;7862446.6;855895.8;Plassert på Kokelv grunnet mange tufter. Kunne like gjerne vært lengre ut. 
Reperwog;Repvåg;Bygd;Kjelvik_Tingsted;7883686.18;891010.84;Repvåg
Riswog;Risvåg;Bygd;Hasvåg_Tingsted;7837730.46;765569.63;Risvåg
Rognsund;Rognsund;Bygd;Alta_Tingsted;7822276.88;801485.76;Plassert på kirken 
Rolsøen;Gunnarnes;Bygd;Ingøy_Tingsted;7902605.52;831124.23;Plassert ved kirkegården
Rongsund;Rognsund;Bygd;Alta_Tingsted;7822276.88;801485.76;Plassert på kirken 
Rypefiord paa qualøen;Rypefjord;Bygd;Hammerfest_Tingsted;7859609.11;820095.13;Plassert i rypefjord
Sandeskier;Sandskjær;Bygd;Vadsø_Tingsted;7842037.45;1047151.14;Plassert på dagens sted
Sandfiord;Sandfjorden;Bygd;Måsøy_Tingsted;7916571.63;852148.33;Plassert på Hjelmsøy, passer med navn og tufter på Lidar. Mange Sandfjorder
Sandschier;Sandskjær;Bygd;Vadsø_Tingsted;7842037.45;1047151.14;Plassert på dagens sted
Sandsckier;Sandskjær;Bygd;Vadsø_Tingsted;7842037.45;1047151.14;Plassert på dagens sted
Sanschier;Sandskjær;Bygd;Vadsø_Tingsted;7842037.45;1047151.14;Plassert på dagens sted
Schallenes;Skallnes;Bygd;Vadsø_Tingsted;7854633.43;1076589.76;Plassert på dagens sted
Schalnæs;Skallnes;Bygd;Vadsø_Tingsted;7854633.43;1076589.76;Plassert på dagens sted
Schalnes;Skallnes;Bygd;Vadsø_Tingsted;7854633.43;1076589.76;Plassert på dagens sted
Scharsvaag;Skarsvåg;Bygd;Kjelvik_Tingsted;7924527.39;889050.45;Plassert på dagens sted
Scharswog;Skarsvåg;Bygd;Kjelvik_Tingsted;7924527.39;889050.45;Plassert på dagens sted
Schatøre;Vadsø;Bygd;Vadsø_Tingsted;7841795.88;1056344.71;Plassert på dagens sted
Schatøret wed Wasøe;Vadsø;Bygd;Vadsø_Tingsted;7841795.88;1056344.71;Plassert på dagens sted
Schiøtningberg;Skjøtningberg;Bygd;Kjøllefjord_Tingsted;7925135.53;946223.92;Plassert på dagens sted
Schiøtningsberg;Skjøtningberg;Bygd;Kjøllefjord_Tingsted;7925135.53;946223.92;Plassert på dagens sted
Schøtningberg;Skjøtningberg;Bygd;Kjøllefjord_Tingsted;7925135.53;946223.92;Plassert på dagens sted
Sckiøtningberg;Skjøtningberg;Bygd;Kjøllefjord_Tingsted;7925135.53;946223.92;Plassert på dagens sted
Selwigen;Selvika;Bygd;Ingøy_Tingsted;7895683.35;849309.72;Plassert innerst i dagens Selvika
Skalnes;Skallnes;Bygd;Vadsø_Tingsted;7854633.43;1076589.76;Plassert på dagens sted
Skarswog;Skarsvåg;Bygd;Kjelvik_Tingsted;7924527.39;889050.45;Plassert på dagens sted
Skatøre;Vadsø;Bygd;Vadsø_Tingsted;7841795.88;1056344.71;Plassert på dagens sted
Sletnes;Slettnes;Bygd;Hammerfest_Tingsted;7856473.01;800617.04;Plassert på dagens sted
Sletnes paa Sørøe;Slettnes;Bygd;Hammerfest_Tingsted;7856473.01;800617.04;Plassert på dagens sted
Søer wehr;Sørvær;Bygd;Hasvåg_Tingsted;7850957.97;757996.21;Plassert på dagens sted
Solnes;Sollnes;Bygd;Vadsø_Tingsted;7861518.95;1076086.7;Plassert på dagens sted
Sør stiernevog;Stjernvåg;Bygd;Hasvåg_Tingsted;7819742.29;780441.01;Plassert på dagens sted
Sør Stiernewog;Stjernvåg;Bygd;Hasvåg_Tingsted;7819742.29;780441.01;Plassert på dagens sted
Sør Wæhr;Sørvær;Bygd;Hasvåg_Tingsted;7850957.97;757996.21;Plassert på dagens sted
Søre Honingsvaag;Sørvågen;Bygd;Kjelvik_Tingsted;7911427.21;897121.34;Plassert på dagens sted
Sørstiernewog;Stjernvåg;Bygd;Hasvåg_Tingsted;7819742.29;780441.01;Plassert på dagens sted
Sørwæhr;Sørvær;Bygd;Hasvåg_Tingsted;7850957.97;757996.21;Plassert på dagens sted
Sørwær;Sørvær;Bygd;Hasvåg_Tingsted;7850957.97;757996.21;Plassert på dagens sted
Stappen;Bukstappen;Bygd;Måsøy_Tingsted;7923774.03;872884.54;Tufter på Lidar. Ser ut til å passe med kart https://www.kartverket.no/om-kartverket/historie/historiske-kart/soketreff/mitt-kart?mapId=11489
Stappen Annex;Bukstappen;Bygd;Måsøy_Tingsted;7923774.03;872884.54;Tufter på Lidar. Ser ut til å passe med kart https://www.kartverket.no/om-kartverket/historie/historiske-kart/soketreff/mitt-kart?mapId=11489
Stenuog;Steinvåg;Bygd;Omgang_Tingsted;7938526.5;972551.64;Plassert på dagens sted
Stierne vaag;Stjernvåg;Bygd;Hasvåg_Tingsted;7819742.29;780441.01;Plassert på dagens sted
Stoere Echerøe;Ekkerøya;Bygd;Vadsø_Tingsted;7845399.63;1069288.53;Plassert på Været på Store Ekkerøya
Stranden;Stranda;Bygd;Kjelvik_Tingsted;7883637.26;887820.83;Plassert på dagens sted
Suartenes;Svartnes;Bygd;Vardø_Tingsted;7885272.16;1095036.33;Tolket til å være svartnes ved flyplassen, og ikke svartnes ved hamningberg
Suerholt;Sværholt;Bygd;Kjelvik_Tingsted;7914036.32;923021.72;Plassert på dagens sted
Sverholt;Sværholt;Bygd;Kjelvik_Tingsted;7914036.32;923021.72;Plassert på dagens sted
Sverholt Annex;Sværholt;Bygd;Kjelvik_Tingsted;7914036.32;923021.72;Plassert på dagens sted
Sylteuig;Ytre_Syltevika;Bygd;Vardø_Tingsted;7899333.03;1066987.43;Plassert i ytre syltevika, kan være inne i fjorden
Syltevig;Ytre_Syltevika;Bygd;Vardø_Tingsted;7899333.03;1066987.43;Plassert i ytre syltevika, kan være inne i fjorden
Syltewig;Ytre_Syltevika;Bygd;Vardø_Tingsted;7899333.03;1066987.43;Plassert i ytre syltevika, kan være inne i fjorden
Syttevigsfiorden;Hamna;Bygd;Vardø_Tingsted;7894985.41;1056091.32;Plassert innerst i fjorden 
Tallvig;Talvik;Bygd;Alta_Tingsted;7790281.01;802062.86;Plassert på Kirken i Talvik
Talvigen;Talvik;Bygd;Alta_Tingsted;7790281.01;802062.86;Plassert på Kirken i Talvik
Tanen;Juovlavuotna;Finneby;Omgang_Tingsted;7871109.14;1000234.11;Plassert i Austertana, ref. Knags beskrivelse fra 1694
Tannen;Juovlavuotna;Finneby;Omgang_Tingsted;7871109.14;1000234.11;Plassert i Austertana, ref. Knags beskrivelse fra 1694
Tannens Finneby;Juovlavuotna;Finneby;Omgang_Tingsted;7871109.14;1000234.11;Plassert i Austertana, ref. Knags beskrivelse fra 1694
Thybye;Kiby;Bygd;Vadsø_Tingsted;7841614.34;1060439.64;Plassert på Kiby, selv om det konsekvent er skrevet med T i alle kildene
Torschefiord;Store_Torskefjorden;Bygd;Kjøllefjord_Tingsted;7886883.77;945258.07;Plassert i sørsiden av Torskefjorden
Trollefiord;Trollfjorden;Bygd;Ingøy_Tingsted;7904354.4;825908.05;Plassert innerst i fjorden
Tuefiord;Tufjord;Bygd;Ingøy_Tingsted;7901741.15;822506.09;Plassert i Været i Tufjord på Rolvsøya
Tuenes;Tunes;Bygd;Måsøy_Tingsted;7928806.4;878676.75;Plassert på dagens sted
Tufiord;Tufjord;Bygd;Ingøy_Tingsted;7901741.15;822506.09;Plassert i Været i Tufjord på Rolvsøya
Tunæs;Tunes;Bygd;Måsøy_Tingsted;7928806.4;878676.75;Plassert på dagens sted
Tybye;Kiby;Bygd;Vadsø_Tingsted;7841614.34;1060439.64;Plassert på Kiby, selv om det konsekvent er skrevet med T i alle kildene
Tyebye;Kiby;Bygd;Vadsø_Tingsted;7841614.34;1060439.64;Plassert på Kiby, selv om det konsekvent er skrevet med T i alle kildene
Ulfiord;Gammelvær_Loppa;Bygd;Loppa_Tingsted;7816902.44;762832.45;Plassert ytterst i fjorden ved Gammelværet, flere tufter her. 
Vadsø;Vadsø;Bygd;Vadsø_Tingsted;7841795.88;1056344.71;Plassert på dagens sted
Vardø;Vardø;Bygd;Vardø_Tingsted;7886981.05;1097597.7;Plassert på dagens sted
Waardø tingsted;Vardø_Tingsted;Tingsted;Vardø_Tingsted;7886981.05;1097597.7;Plassert på dagens sted
Waardøe;Vardø;Bygd;Vardø_Tingsted;7886981.05;1097597.7;Plassert på dagens sted
Waardøe Tingsted;Vardø_Tingsted;Tingsted;Vardø_Tingsted;7886981.05;1097597.7;Plassert på dagens sted
Wæhranger;Várjavuonna;Finneby;Vadsø_Tingsted;7842925.18;1053391.33;Plassert veldig omtrentlig. 
Wahranger;Várjavuonna;Finneby;Vadsø_Tingsted;7842925.18;1053391.33;Plassert veldig omtrentlig. 
Wanefiord;Gammelvær_Magerøya;Bygd;Måsøy_Tingsted;7914368.03;878576.83;Plassert ved gammelvær, mange tufter på lidar
Wannefiord;Gammelvær_Magerøya;Bygd;Måsøy_Tingsted;7914368.03;878576.83;Plassert ved gammelvær, mange tufter på lidar
Waranger;Várjavuonna;Finneby;Vadsø_Tingsted;7842925.18;1053391.33;Plassert veldig omtrentlig. 
Wardøe;Vardø;Bygd;Vardø_Tingsted;7886981.05;1097597.7;Plassert på dagens sted
Wardøe Tingsted;Vardø_Tingsted;Tingsted;Vardø_Tingsted;7886981.05;1097597.7;Plassert på dagens sted
Wasøe Annex og Tingsted;Vadsø_Tingsted;Tingsted;Vadsø_Tingsted;7841795.88;1056344.71;Plassert på dagens sted
Wasøe Tingsted;Vadsø_Tingsted;Tingsted;Vadsø_Tingsted;7841795.88;1056344.71;Plassert på dagens sted
Wehranger;Várjavuonna;Finneby;Vadsø_Tingsted;7842925.18;1053391.33;Plassert veldig omtrentlig. 
Weinæs;Sáltesávju;Finneby;Kjøllefjord_Tingsted;7880219.92;925743.82;Plassert ved kirken
Weines;Sáltesávju;Finneby;Kjøllefjord_Tingsted;7880219.92;925743.82;Plassert ved kirken
Weines Finneby;Sáltesávju;Finneby;Kjøllefjord_Tingsted;7880219.92;925743.82;Plassert ved kirken
Wejenes;Sáltesávju;Finneby;Kjøllefjord_Tingsted;7880219.92;925743.82;Plassert ved kirken
Weranger;Várjavuonna;Finneby;Vadsø_Tingsted;7842925.18;1053391.33;Plassert veldig omtrentlig. 
Wigen;Gammelvika;Bygd;Kjøllefjord_Tingsted;7910856.28;950901.85;Plassert i gammelvika, mange tufter på lidar
Yter Wehr;Yttervær;Bygd;Loppa_Tingsted;7820748.65;752995.77;Plassert på yttervær på Silda. Ikke på Loppa da yttervær på Loppa var det gamle kirkestedet. flere tufter på Silda
Ytr: Porsanger;Olggut_Porsáŋgguvuotna;Finneby;Kjelvik_Tingsted;7851349.15;889202.12;Plassert utenfor Olderfjorden, midt i fjorden
Ytterwær;Yttervær;Bygd;Loppa_Tingsted;7820748.65;752995.77;Plassert på yttervær på Silda. Ikke på Loppa da yttervær på Loppa var det gamle kirkestedet. flere tufter på Silda
Yttre Porsanger;Olggut_Porsáŋgguvuotna;Finneby;Kjelvik_Tingsted;7851349.15;889202.12;Plassert utenfor Olderfjorden, midt i fjorden
Yttre wæhr;Yttervær;Bygd;Loppa_Tingsted;7820748.65;752995.77;Plassert på yttervær på Silda. Ikke på Loppa da yttervær på Loppa var det gamle kirkestedet. flere tufter på Silda
Yttrevær;Yttervær;Bygd;Loppa_Tingsted;7820748.65;752995.77;Plassert på yttervær på Silda. Ikke på Loppa da yttervær på Loppa var det gamle kirkestedet. flere tufter på Silda
Yttrewæhr;Yttervær;Bygd;Loppa_Tingsted;7820748.65;752995.77;Plassert på yttervær på Silda. Ikke på Loppa da yttervær på Loppa var det gamle kirkestedet. flere tufter på Silda
Yttrewehr;Yttervær;Bygd;Loppa_Tingsted;7820748.65;752995.77;Plassert på yttervær på Silda. Ikke på Loppa da yttervær på Loppa var det gamle kirkestedet. flere tufter på Silda